id,label
1,0.31223928928375244
2,0.09779901057481766
5,0.21769596636295319
19,0.5930750370025635
