id,label
1,0.06449069827795029
2,0.15295521914958954
5,0.14169642329216003
19,0.4128028452396393
